,Current Month,Last 3 Month,Last 12 Month
CMA,0.018996608326444342,2.125337171527385,1.8845674877412226
HML,0.02794130062417488,-0.657960806748173,-0.6523358396784417
RMW,-0.028970146679712427,-1.3601065457519446,-1.3521282694639816
Rm-Rf,-0.12289520290633782,-0.3384281427512973,-0.862454265980859
SMB,0.0345732602048332,1.935098582530777,2.0567576027022616
